38,83,1.0
38,82,1.0
39,83,1.0
37,83,1.0
38,84,1.0
39,84,1.0
39,82,1.0
37,84,1.0
37,82,1.0
38,81,1.0
40,83,1.0
36,83,1.0
38,85,1.0
40,82,1.0
37,85,1.0
37,81,1.0
36,84,1.0
36,82,1.0
39,81,1.0
39,85,1.0
40,84,1.0
40,81,1.0
40,85,1.0
36,85,1.0
36,81,1.0
38,80,1.0
38,86,1.0
41,83,1.0
35,83,1.0
37,86,1.0
37,80,1.0
41,82,1.0
39,80,1.0
41,84,1.0
35,84,1.0
39,86,1.0
35,82,1.0
41,81,1.0
40,86,1.0
35,81,1.0
41,85,1.0
40,80,1.0
36,86,1.0
36,80,1.0
35,85,1.0
38,87,1.0
38,79,1.0
34,83,1.0
42,83,1.0
34,82,1.0
35,80,1.0
34,81,1.0
34,84,1.0
34,80,1.0
36,79,1.0
33,82,1.0
35,79,1.0
37,79,1.0
33,83,1.0
33,81,1.0
33,80,1.0
34,85,1.0
34,79,1.0
33,84,1.0
36,78,1.0
32,82,1.0
32,81,1.0
33,79,1.0
32,80,1.0
32,83,1.0
32,79,1.0
34,78,1.0
31,81,1.0
33,78,1.0
35,78,1.0
31,82,1.0
31,80,1.0
31,79,1.0
32,84,1.0
32,78,1.0
31,83,1.0
34,77,1.0
30,81,1.0
30,82,1.0
30,80,1.0
30,79,1.0
31,84,1.0
31,78,1.0
30,83,1.0
33,85,1.0
33,77,1.0
29,81,1.0
32,77,1.0
30,78,1.0
35,77,1.0
31,77,1.0
33,76,1.0
29,80,1.0
29,79,1.0
29,78,1.0
30,77,1.0
29,82,1.0
32,76,1.0
28,80,1.0
29,77,1.0
30,76,1.0
28,78,1.0
29,76,1.0
28,79,1.0
28,77,1.0
31,76,1.0
28,76,1.0
30,75,1.0
27,78,1.0
29,75,1.0
31,75,1.0
27,79,1.0
27,77,1.0
27,76,1.0
32,75,1.0
28,81,1.0
28,75,1.0
27,80,1.0
30,74,1.0
26,78,1.0
26,79,1.0
26,77,1.0
26,76,1.0
27,81,1.0
27,75,1.0
26,80,1.0
29,74,1.0
25,78,1.0
26,75,1.0
28,74,1.0
25,77,1.0
27,74,1.0
25,76,1.0
25,75,1.0
26,74,1.0
25,79,1.0
28,73,1.0
24,77,1.0
24,78,1.0
24,76,1.0
24,75,1.0
25,80,1.0
25,74,1.0
24,79,1.0
27,73,1.0
23,77,1.0
23,78,1.0
23,76,1.0
23,75,1.0
24,80,1.0
24,74,1.0
23,79,1.0
26,81,1.0
26,73,1.0
22,77,1.0
22,76,1.0
23,74,1.0
22,75,1.0
22,78,1.0
22,74,1.0
24,73,1.0
21,76,1.0
23,73,1.0
25,73,1.0
21,77,1.0
21,75,1.0
21,74,1.0
22,79,1.0
22,73,1.0
21,78,1.0
24,72,1.0
20,76,1.0
21,73,1.0
22,72,1.0
20,74,1.0
21,72,1.0
20,75,1.0
20,73,1.0
23,72,1.0
20,72,1.0
22,71,1.0
19,74,1.0
21,71,1.0
23,71,1.0
19,75,1.0
19,73,1.0
25,72,1.0
19,72,1.0
24,71,1.0
20,77,1.0
20,71,1.0
19,76,1.0
22,70,1.0
18,74,1.0
20,78,1.0
19,77,1.0
18,75,1.0
21,79,1.0
20,79,1.0
19,78,1.0
22,80,1.0
18,76,1.0
18,73,1.0
18,77,1.0
17,75,1.0
18,72,1.0
17,74,1.0
19,71,1.0
17,73,1.0
17,72,1.0
18,71,1.0
17,76,1.0
20,70,1.0
16,74,1.0
16,75,1.0
16,73,1.0
16,72,1.0
17,77,1.0
17,71,1.0
16,76,1.0
19,70,1.0
15,74,1.0
15,75,1.0
15,73,1.0
15,72,1.0
16,77,1.0
16,71,1.0
15,76,1.0
18,78,1.0
18,70,1.0
14,74,1.0
14,75,1.0
14,73,1.0
14,72,1.0
15,77,1.0
15,71,1.0
14,76,1.0
17,78,1.0
17,70,1.0
13,74,1.0
13,75,1.0
13,73,1.0
13,72,1.0
14,77,1.0
14,71,1.0
13,76,1.0
16,78,1.0
16,70,1.0
12,74,1.0
15,78,1.0
14,78,1.0
13,77,1.0
16,79,1.0
12,75,1.0
12,73,1.0
12,72,1.0
13,71,1.0
12,76,1.0
15,70,1.0
11,74,1.0
14,70,1.0
12,71,1.0
13,70,1.0
15,69,1.0
11,73,1.0
11,72,1.0
11,71,1.0
12,70,1.0
11,75,1.0
14,69,1.0
10,73,1.0
12,77,1.0
11,76,1.0
10,74,1.0
10,72,1.0
10,71,1.0
11,70,1.0
10,75,1.0
13,69,1.0
9,73,1.0
9,74,1.0
9,72,1.0
9,71,1.0
10,76,1.0
10,70,1.0
9,75,1.0
12,69,1.0
8,73,1.0
11,77,1.0
10,77,1.0
9,76,1.0
12,78,1.0
8,74,1.0
9,70,1.0
11,69,1.0
8,72,1.0
10,69,1.0
8,71,1.0
8,70,1.0
9,69,1.0
11,68,1.0
7,72,1.0
8,75,1.0
7,73,1.0
7,74,1.0
7,71,1.0
8,76,1.0
7,75,1.0
6,73,1.0
7,70,1.0
8,69,1.0
10,68,1.0
6,72,1.0
6,74,1.0
6,71,1.0
7,76,1.0
6,75,1.0
9,77,1.0
5,73,1.0
5,74,1.0
5,72,1.0
5,71,1.0
6,76,1.0
6,70,1.0
5,75,1.0
8,77,1.0
4,73,1.0
4,74,1.0
4,72,1.0
4,71,1.0
5,76,1.0
5,70,1.0
4,75,1.0
7,77,1.0
7,69,1.0
3,73,1.0
6,69,1.0
4,70,1.0
5,69,1.0
7,68,1.0
3,72,1.0
6,77,1.0
5,77,1.0
4,76,1.0
7,78,1.0
3,74,1.0
3,71,1.0
3,75,1.0
2,73,1.0
4,77,1.0
3,76,1.0
6,78,1.0
2,74,1.0
2,72,1.0
2,71,1.0
3,70,1.0
2,75,1.0
1,73,1.0
1,74,1.0
1,72,1.0
1,71,1.0
2,76,1.0
2,70,1.0
1,75,1.0
4,69,1.0
0,73,1.0
3,77,1.0
2,77,1.0
1,76,1.0
4,78,1.0
0,74,1.0
0,72,1.0
0,71,1.0
1,70,1.0
0,75,1.0
3,69,1.0
-1,73,1.0
-1,74,1.0
-1,72,1.0
-1,71,1.0
0,76,1.0
0,70,1.0
-1,75,1.0
2,69,1.0
-2,73,1.0
1,69,1.0
-1,70,1.0
0,69,1.0
2,68,1.0
-2,72,1.0
-2,74,1.0
-2,71,1.0
-1,76,1.0
-2,75,1.0
1,77,1.0
-3,73,1.0
-3,74,1.0
-3,72,1.0
-3,71,1.0
-2,76,1.0
-2,70,1.0
-3,75,1.0
0,77,1.0
-4,73,1.0
-1,77,1.0
-2,77,1.0
-3,76,1.0
0,78,1.0
-4,74,1.0
-3,70,1.0
-1,69,1.0
-4,72,1.0
-2,69,1.0
-4,71,1.0
-4,70,1.0
-3,69,1.0
-1,68,1.0
-5,72,1.0
-4,75,1.0
-5,73,1.0
-5,74,1.0
-5,71,1.0
-4,76,1.0
-5,75,1.0
-6,73,1.0
-3,77,1.0
-4,77,1.0
-5,76,1.0
-2,78,1.0
-6,74,1.0
-6,75,1.0
-6,72,1.0
-5,77,1.0
-6,76,1.0
-3,78,1.0
-7,74,1.0
-7,75,1.0
-7,73,1.0
-7,72,1.0
-6,77,1.0
-6,71,1.0
-7,76,1.0
-4,78,1.0
-8,74,1.0
-8,75,1.0
-8,73,1.0
-8,72,1.0
-7,77,1.0
-7,71,1.0
-8,76,1.0
-5,78,1.0
-5,70,1.0
-9,74,1.0
-6,78,1.0
-7,78,1.0
-8,77,1.0
-5,79,1.0
-9,75,1.0
-9,73,1.0
-9,72,1.0
-8,71,1.0
-9,76,1.0
-6,70,1.0
-10,74,1.0
-8,78,1.0
-9,77,1.0
-6,79,1.0
-10,75,1.0
-10,76,1.0
-10,73,1.0
-9,78,1.0
-10,77,1.0
-7,79,1.0
-11,75,1.0
-10,72,1.0
-9,71,1.0
-7,70,1.0
-11,74,1.0
-11,76,1.0
-11,73,1.0
-10,78,1.0
-11,77,1.0
-8,79,1.0
-12,75,1.0
-11,72,1.0
-10,71,1.0
-8,70,1.0
-12,74,1.0
-12,76,1.0
-12,73,1.0
-11,78,1.0
-12,77,1.0
-9,79,1.0
-13,75,1.0
-12,72,1.0
-11,71,1.0
-9,70,1.0
-13,74,1.0
-13,76,1.0
-13,73,1.0
-12,78,1.0
-13,77,1.0
-10,79,1.0
-14,75,1.0
-14,76,1.0
-14,74,1.0
-14,73,1.0
-13,78,1.0
-13,72,1.0
-14,77,1.0
-11,79,1.0
-15,75,1.0
-15,76,1.0
-15,74,1.0
-15,73,1.0
-14,78,1.0
-14,72,1.0
-15,77,1.0
-12,79,1.0
-12,71,1.0
-16,75,1.0
-13,79,1.0
-14,79,1.0
-15,78,1.0
-12,80,1.0
-16,76,1.0
-16,77,1.0
-16,74,1.0
-15,79,1.0
-16,78,1.0
-13,80,1.0
-17,76,1.0
-16,73,1.0
-15,72,1.0
-13,71,1.0
-17,75,1.0
-17,77,1.0
-17,74,1.0
-16,79,1.0
-17,78,1.0
-14,80,1.0
-18,76,1.0
-17,73,1.0
-16,72,1.0
-14,71,1.0
-18,75,1.0
-18,77,1.0
-18,74,1.0
-17,79,1.0
-18,78,1.0
-15,80,1.0
-19,76,1.0
-15,71,1.0
-17,72,1.0
-16,71,1.0
-14,70,1.0
-18,73,1.0
-18,72,1.0
-17,71,1.0
-15,70,1.0
-19,74,1.0
-16,70,1.0
-18,71,1.0
-13,70,1.0
-17,70,1.0
-15,69,1.0
-19,73,1.0
-16,69,1.0
-14,69,1.0
-12,70,1.0
-18,70,1.0
-13,69,1.0
-17,69,1.0
-15,68,1.0
-19,72,1.0
-12,69,1.0
-14,68,1.0
-11,70,1.0
-13,68,1.0
-11,69,1.0
-12,68,1.0
-16,68,1.0
-14,67,1.0
-18,69,1.0
-17,68,1.0
-15,67,1.0
-19,71,1.0
-13,67,1.0
-11,68,1.0
-12,67,1.0
-16,67,1.0
-14,66,1.0
-10,70,1.0
-18,68,1.0
-17,67,1.0
-15,66,1.0
-19,70,1.0
-16,66,1.0
-18,67,1.0
-13,66,1.0
-17,66,1.0
-15,65,1.0
-19,69,1.0
-19,68,1.0
-20,70,1.0
-19,67,1.0
-18,66,1.0
-16,65,1.0
-20,69,1.0
-17,65,1.0
-19,66,1.0
-14,65,1.0
-18,65,1.0
-16,64,1.0
-20,68,1.0
-20,67,1.0
-20,66,1.0
-19,65,1.0
-17,64,1.0
-21,68,1.0
-21,69,1.0
-21,67,1.0
-21,66,1.0
-20,71,1.0
-20,65,1.0
-21,70,1.0
-18,64,1.0
-22,68,1.0
-19,64,1.0
-21,65,1.0
-20,64,1.0
-18,63,1.0
-22,67,1.0
-22,69,1.0
-22,66,1.0
-21,71,1.0
-22,70,1.0
-23,68,1.0
-22,65,1.0
-21,64,1.0
-19,63,1.0
-23,67,1.0
-23,66,1.0
-23,65,1.0
-22,64,1.0
-23,69,1.0
-20,63,1.0
-24,67,1.0
-24,68,1.0
-24,66,1.0
-24,65,1.0
-23,70,1.0
-23,64,1.0
-24,69,1.0
-21,63,1.0
-25,67,1.0
-22,63,1.0
-24,64,1.0
-23,63,1.0
-21,62,1.0
-25,66,1.0
-25,65,1.0
-25,64,1.0
-24,63,1.0
-25,68,1.0
-22,62,1.0
-26,66,1.0
-24,70,1.0
-25,69,1.0
-22,71,1.0
-26,67,1.0
-25,70,1.0
-26,69,1.0
-24,71,1.0
-25,71,1.0
-26,70,1.0
-26,68,1.0
-23,71,1.0
-26,71,1.0
-24,72,1.0
-27,69,1.0
-25,72,1.0
-27,70,1.0
-23,72,1.0
-27,68,1.0
-22,72,1.0
-27,67,1.0
-26,72,1.0
-27,71,1.0
-24,73,1.0
-28,69,1.0
-27,72,1.0
-28,71,1.0
-26,73,1.0
-27,73,1.0
-28,72,1.0
-28,70,1.0
-25,73,1.0
-28,73,1.0
-26,74,1.0
-29,71,1.0
-27,74,1.0
-29,72,1.0
-25,74,1.0
-29,70,1.0
-24,74,1.0
-29,69,1.0
-23,73,1.0
-28,74,1.0
-28,68,1.0
-29,73,1.0
-26,75,1.0
-30,71,1.0
-30,72,1.0
-30,70,1.0
-30,69,1.0
-29,74,1.0
-29,68,1.0
-30,73,1.0
-27,75,1.0
-31,71,1.0
-28,67,1.0
-30,68,1.0
-29,67,1.0
-27,66,1.0
-31,70,1.0
-31,69,1.0
-31,68,1.0
-30,67,1.0
-31,72,1.0
-28,66,1.0
-32,70,1.0
-30,74,1.0
-31,73,1.0
-28,75,1.0
-32,71,1.0
-29,66,1.0
-31,67,1.0
-30,66,1.0
-28,65,1.0
-32,69,1.0
-32,68,1.0
-32,67,1.0
-31,66,1.0
-29,65,1.0
-33,69,1.0
-33,70,1.0
-33,68,1.0
-33,67,1.0
-32,72,1.0
-32,66,1.0
-33,71,1.0
-30,65,1.0
-34,69,1.0
-31,65,1.0
-33,66,1.0
-32,65,1.0
-30,64,1.0
-34,68,1.0
-34,67,1.0
-34,66,1.0
-33,65,1.0
-34,70,1.0
-31,64,1.0
-35,68,1.0
-32,64,1.0
-34,65,1.0
-29,64,1.0
-33,64,1.0
-31,63,1.0
-35,67,1.0
-35,66,1.0
-35,65,1.0
-34,64,1.0
-35,69,1.0
-32,63,1.0
-36,67,1.0
-33,63,1.0
-35,64,1.0
-30,63,1.0
-34,63,1.0
-32,62,1.0
-36,66,1.0
-36,65,1.0
-36,64,1.0
-35,63,1.0
-36,68,1.0
-33,62,1.0
-37,66,1.0
-37,67,1.0
-37,65,1.0
-37,64,1.0
-36,69,1.0
-36,63,1.0
-37,68,1.0
-34,62,1.0
-38,66,1.0
-31,62,1.0
-35,62,1.0
-33,61,1.0
-37,63,1.0
-36,62,1.0
-34,61,1.0
-38,65,1.0
-35,61,1.0
-37,62,1.0
-32,61,1.0
-36,61,1.0
-34,60,1.0
-38,64,1.0
-38,63,1.0
-38,62,1.0
-37,61,1.0
-35,60,1.0
-39,64,1.0
-33,60,1.0
-31,61,1.0
-32,60,1.0
-36,60,1.0
-34,59,1.0
-38,61,1.0
-37,60,1.0
-35,59,1.0
-39,63,1.0
-39,62,1.0
-39,61,1.0
-38,60,1.0
-39,65,1.0
-36,59,1.0
-40,63,1.0
-37,59,1.0
-39,60,1.0
-38,59,1.0
-36,58,1.0
-40,62,1.0
-40,61,1.0
-40,60,1.0
-39,59,1.0
-40,64,1.0
-37,58,1.0
-41,62,1.0
-38,58,1.0
-40,59,1.0
-35,58,1.0
-39,58,1.0
-37,57,1.0
-41,61,1.0
-41,60,1.0
-41,59,1.0
-40,58,1.0
-41,63,1.0
-38,57,1.0
-42,61,1.0
-39,57,1.0
-41,58,1.0
-36,57,1.0
-40,57,1.0
-38,56,1.0
-42,60,1.0
-42,59,1.0
-42,58,1.0
-41,57,1.0
-42,62,1.0
-39,56,1.0
-43,60,1.0
-43,61,1.0
-43,59,1.0
-43,58,1.0
-42,63,1.0
-42,57,1.0
-43,62,1.0
-40,56,1.0
-44,60,1.0
-37,56,1.0
-41,56,1.0
-39,55,1.0
-43,57,1.0
-42,56,1.0
-40,55,1.0
-44,59,1.0
-44,58,1.0
-44,57,1.0
-43,56,1.0
-44,61,1.0
-41,55,1.0
-45,59,1.0
-38,55,1.0
-36,56,1.0
-37,55,1.0
-39,54,1.0
-42,55,1.0
-40,54,1.0
-44,56,1.0
-43,55,1.0
-41,54,1.0
-45,58,1.0
-42,54,1.0
-44,55,1.0
-43,54,1.0
-41,53,1.0
-45,57,1.0
-45,56,1.0
-45,55,1.0
-44,54,1.0
-42,53,1.0
-46,57,1.0
-43,53,1.0
-45,54,1.0
-40,53,1.0
-44,53,1.0
-42,52,1.0
-46,56,1.0
-46,55,1.0
-46,54,1.0
-45,53,1.0
-46,58,1.0
-43,52,1.0
-47,56,1.0
-47,57,1.0
-47,55,1.0
-47,54,1.0
-46,59,1.0
-46,53,1.0
-47,58,1.0
-44,52,1.0
-48,56,1.0
-45,52,1.0
-47,53,1.0
-46,52,1.0
-44,51,1.0
-48,55,1.0
-48,54,1.0
-48,53,1.0
-47,52,1.0
-48,57,1.0
-45,51,1.0
-49,55,1.0
-49,56,1.0
-49,54,1.0
-49,53,1.0
-48,58,1.0
-48,52,1.0
-49,57,1.0
-46,51,1.0
-50,55,1.0
-43,51,1.0
-47,51,1.0
-45,50,1.0
-49,52,1.0
-48,51,1.0
-46,50,1.0
-50,54,1.0
-47,50,1.0
-49,51,1.0
-44,50,1.0
-48,50,1.0
-46,49,1.0
-50,53,1.0
-50,52,1.0
-50,51,1.0
-49,50,1.0
-47,49,1.0
-51,53,1.0
-45,49,1.0
-43,50,1.0
-44,49,1.0
-48,49,1.0
-46,48,1.0
-50,50,1.0
-49,49,1.0
-47,48,1.0
-51,52,1.0
-51,51,1.0
-51,50,1.0
-50,49,1.0
-51,54,1.0
-48,48,1.0
-52,52,1.0
-52,53,1.0
-52,51,1.0
-52,50,1.0
-51,55,1.0
-51,49,1.0
-52,54,1.0
-49,48,1.0
-53,52,1.0
-50,48,1.0
-48,47,1.0
-52,49,1.0
-51,48,1.0
-49,47,1.0
-53,51,1.0
-50,47,1.0
-52,48,1.0
-47,47,1.0
-51,47,1.0
-49,46,1.0
-53,50,1.0
-53,49,1.0
-53,48,1.0
-52,47,1.0
-50,46,1.0
-54,50,1.0
-51,46,1.0
-53,47,1.0
-48,46,1.0
-52,46,1.0
-50,45,1.0
-54,49,1.0
-54,48,1.0
-54,47,1.0
-53,46,1.0
-54,51,1.0
-51,45,1.0
-55,49,1.0
-52,45,1.0
-54,46,1.0
-49,45,1.0
-53,45,1.0
-51,44,1.0
-55,48,1.0
-55,47,1.0
-55,46,1.0
-54,45,1.0
-55,50,1.0
-52,44,1.0
-56,48,1.0
-53,44,1.0
-55,45,1.0
-50,44,1.0
-54,44,1.0
-52,43,1.0
-56,47,1.0
-56,46,1.0
-56,45,1.0
-55,44,1.0
-56,49,1.0
-53,43,1.0
-57,47,1.0
-57,48,1.0
-57,46,1.0
-57,45,1.0
-56,50,1.0
-56,44,1.0
-57,49,1.0
-54,43,1.0
-58,47,1.0
-55,43,1.0
-57,44,1.0
-56,43,1.0
-54,42,1.0
-58,46,1.0
-58,45,1.0
-58,44,1.0
-57,43,1.0
-58,48,1.0
-55,42,1.0
-59,46,1.0
-56,42,1.0
-58,43,1.0
-53,42,1.0
-57,42,1.0
-55,41,1.0
-59,45,1.0
-59,44,1.0
-59,43,1.0
-58,42,1.0
-59,47,1.0
-56,41,1.0
-60,45,1.0
-57,41,1.0
-59,42,1.0
-54,41,1.0
-58,41,1.0
-56,40,1.0
-60,44,1.0
-60,43,1.0
-60,46,1.0
-60,42,1.0
-61,44,1.0
-59,41,1.0
-61,45,1.0
-61,43,1.0
-61,42,1.0
-60,47,1.0
-60,41,1.0
-61,46,1.0
-58,40,1.0
-62,44,1.0
-59,40,1.0
-57,40,1.0
-61,41,1.0
-60,40,1.0
-58,39,1.0
-62,43,1.0
-55,40,1.0
-57,39,1.0
-61,40,1.0
-59,39,1.0
-62,42,1.0
-60,39,1.0
-62,41,1.0
-62,40,1.0
-61,39,1.0
-59,38,1.0
-63,42,1.0
-63,43,1.0
-63,41,1.0
-63,40,1.0
-62,45,1.0
-62,39,1.0
-63,44,1.0
-60,38,1.0
-64,42,1.0
-56,39,1.0
-58,38,1.0
-61,38,1.0
-63,39,1.0
-62,38,1.0
-60,37,1.0
-64,41,1.0
-63,38,1.0
-61,37,1.0
-64,40,1.0
-62,37,1.0
-64,39,1.0
-64,38,1.0
-59,37,1.0
-63,37,1.0
-61,36,1.0
-65,40,1.0
-62,36,1.0
-60,36,1.0
-58,37,1.0
-64,37,1.0
-59,36,1.0
-63,36,1.0
-61,35,1.0
-65,39,1.0
-65,38,1.0
-65,37,1.0
-64,36,1.0
-65,41,1.0
-62,35,1.0
-66,39,1.0
-66,38,1.0
-65,36,1.0
-66,37,1.0
-66,40,1.0
-66,36,1.0
-64,35,1.0
-67,38,1.0
-65,35,1.0
-63,35,1.0
-67,39,1.0
-67,37,1.0
-67,36,1.0
-66,41,1.0
-66,35,1.0
-67,40,1.0
-64,34,1.0
-68,38,1.0
-67,35,1.0
-65,34,1.0
-68,37,1.0
-66,34,1.0
-68,36,1.0
-68,35,1.0
-63,34,1.0
-67,34,1.0
-68,39,1.0
-65,33,1.0
-69,37,1.0
-69,38,1.0
-69,36,1.0
-69,35,1.0
-68,40,1.0
-68,34,1.0
-69,39,1.0
-66,33,1.0
-70,37,1.0
-67,33,1.0
-69,34,1.0
-64,33,1.0
-68,33,1.0
-66,32,1.0
-70,36,1.0
-70,35,1.0
-70,34,1.0
-69,33,1.0
-70,38,1.0
-67,32,1.0
-71,36,1.0
-65,32,1.0
-63,33,1.0
-64,32,1.0
-68,32,1.0
-66,31,1.0
-70,33,1.0
-71,35,1.0
-69,32,1.0
-71,34,1.0
-71,33,1.0
-70,32,1.0
-71,37,1.0
-68,31,1.0
-72,35,1.0
-67,31,1.0
-71,32,1.0
-69,31,1.0
-72,34,1.0
-70,31,1.0
-72,33,1.0
-72,32,1.0
-71,31,1.0
-72,36,1.0
-69,30,1.0
-73,34,1.0
-73,35,1.0
-73,33,1.0
-73,32,1.0
-72,37,1.0
-72,31,1.0
-73,36,1.0
-70,30,1.0
-74,34,1.0
-71,30,1.0
-73,31,1.0
-68,30,1.0
-72,30,1.0
-70,29,1.0
-74,33,1.0
-74,32,1.0
-73,30,1.0
-74,31,1.0
-74,30,1.0
-72,29,1.0
-75,32,1.0
-73,29,1.0
-71,29,1.0
-75,33,1.0
-75,31,1.0
-75,30,1.0
-74,35,1.0
-74,29,1.0
-75,34,1.0
-72,28,1.0
-76,32,1.0
-69,29,1.0
-71,28,1.0
-75,29,1.0
-73,28,1.0
-76,31,1.0
-74,28,1.0
-76,30,1.0
-76,29,1.0
-75,28,1.0
-76,33,1.0
-73,27,1.0
-77,31,1.0
-76,28,1.0
-74,27,1.0
-77,30,1.0
-75,27,1.0
-77,29,1.0
-77,28,1.0
-72,27,1.0
-76,27,1.0
-77,32,1.0
-74,26,1.0
-78,30,1.0
-75,26,1.0
-73,26,1.0
-71,27,1.0
-77,27,1.0
-72,26,1.0
-76,26,1.0
-74,25,1.0
-78,29,1.0
-78,28,1.0
-78,27,1.0
-77,26,1.0
-78,31,1.0
-75,25,1.0
-79,29,1.0
-79,28,1.0
-78,26,1.0
-79,27,1.0
-79,30,1.0
-79,26,1.0
-77,25,1.0
-80,28,1.0
-78,25,1.0
-76,25,1.0
-80,29,1.0
-80,27,1.0
-80,26,1.0
-79,31,1.0
-79,25,1.0
-80,30,1.0
-77,24,1.0
-81,28,1.0
-80,25,1.0
-78,24,1.0
-81,27,1.0
-79,24,1.0
-81,26,1.0
-81,25,1.0
-76,24,1.0
-80,24,1.0
-81,29,1.0
-78,23,1.0
-82,27,1.0
-82,28,1.0
-82,26,1.0
-82,25,1.0
-81,30,1.0
-81,24,1.0
-82,29,1.0
-79,23,1.0
-83,27,1.0
-83,26,1.0
-82,24,1.0
-83,25,1.0
-83,28,1.0
-83,24,1.0
-81,23,1.0
-84,26,1.0
-82,23,1.0
-80,23,1.0
-84,27,1.0
-84,25,1.0
-84,24,1.0
-83,29,1.0
-83,23,1.0
-84,28,1.0
-81,22,1.0
-85,26,1.0
-80,22,1.0
-82,22,1.0
-84,23,1.0
-79,22,1.0
-83,22,1.0
-81,21,1.0
-85,25,1.0
-85,24,1.0
-84,22,1.0
-85,23,1.0
-85,22,1.0
-83,21,1.0
-86,24,1.0
-84,21,1.0
-82,21,1.0
-86,25,1.0
-86,23,1.0
-86,22,1.0
-85,27,1.0
-85,21,1.0
-86,26,1.0
-83,20,1.0
-87,24,1.0
-84,20,1.0
-82,20,1.0
-80,21,1.0
-86,21,1.0
-81,20,1.0
-85,20,1.0
-83,19,1.0
-87,23,1.0
-87,22,1.0
-87,21,1.0
-86,20,1.0
-87,25,1.0
-84,19,1.0
-88,23,1.0
-88,22,1.0
-87,20,1.0
-88,21,1.0
-88,24,1.0
-88,20,1.0
-86,19,1.0
-89,22,1.0
-87,19,1.0
-85,19,1.0
-89,23,1.0
-89,21,1.0
-89,20,1.0
-88,25,1.0
-88,19,1.0
-89,24,1.0
-86,18,1.0
-90,22,1.0
-85,18,1.0
-84,18,1.0
-82,19,1.0
-83,18,1.0
-87,18,1.0
-85,17,1.0
-89,19,1.0
-90,21,1.0
-88,18,1.0
-90,20,1.0
-90,19,1.0
-89,18,1.0
-90,23,1.0
-87,17,1.0
-91,21,1.0
-91,20,1.0
-90,18,1.0
-91,19,1.0
-91,22,1.0
-91,18,1.0
-89,17,1.0
-92,20,1.0
-90,17,1.0
-88,17,1.0
-92,21,1.0
-92,19,1.0
-92,18,1.0
-91,23,1.0
-91,17,1.0
-92,22,1.0
-89,16,1.0
-93,20,1.0
-86,17,1.0
-88,16,1.0
-87,16,1.0
-86,16,1.0
-90,16,1.0
-88,15,1.0
-92,17,1.0
-91,16,1.0
-89,15,1.0
-93,19,1.0
-92,16,1.0
-90,15,1.0
-93,18,1.0
-91,15,1.0
-93,17,1.0
-93,16,1.0
-92,15,1.0
-90,14,1.0
-94,18,1.0
-93,15,1.0
-91,14,1.0
-94,17,1.0
-92,14,1.0
-94,16,1.0
-94,15,1.0
-89,14,1.0
-93,14,1.0
-94,19,1.0
-91,13,1.0
-95,17,1.0
-87,15,1.0
-88,14,1.0
-90,13,1.0
-94,14,1.0
-92,13,1.0
-95,16,1.0
-93,13,1.0
-95,15,1.0
-95,14,1.0
-94,13,1.0
-95,18,1.0
-92,12,1.0
-96,16,1.0
-95,13,1.0
-93,12,1.0
-96,15,1.0
-94,12,1.0
-96,14,1.0
-96,13,1.0
-91,12,1.0
-95,12,1.0
-96,17,1.0
-93,11,1.0
-97,15,1.0
-96,12,1.0
-94,11,1.0
-97,14,1.0
-95,11,1.0
-97,13,1.0
-97,12,1.0
-92,11,1.0
-96,11,1.0
-97,16,1.0
-94,10,1.0
-98,14,1.0
-97,11,1.0
-95,10,1.0
-98,13,1.0
-96,10,1.0
-98,12,1.0
-98,11,1.0
-93,10,1.0
-97,10,1.0
-98,15,1.0
-95,9,1.0
-99,13,1.0
-99,12,1.0
-98,10,1.0
-99,11,1.0
-99,14,1.0
-99,10,1.0
-97,9,1.0
-100,12,1.0
-98,9,1.0
-96,9,1.0
-100,13,1.0
-100,11,1.0
-100,10,1.0
-99,15,1.0
-99,9,1.0
-100,14,1.0
-97,8,1.0
-101,12,1.0
-94,9,1.0
-96,8,1.0
-95,8,1.0
-93,9,1.0
-94,8,1.0
-98,8,1.0
-96,7,1.0
-99,8,1.0
-100,9,1.0
-100,8,1.0
-98,7,1.0
-101,10,1.0
-99,7,1.0
-97,7,1.0
-101,11,1.0
-101,9,1.0
-101,8,1.0
-100,7,1.0
-98,6,1.0
-102,10,1.0
-95,7,1.0
-93,8,1.0
-94,7,1.0
-96,6,1.0
-92,10,1.0
-99,6,1.0
-97,6,1.0
-101,7,1.0
-100,6,1.0
-98,5,1.0
-102,9,1.0
-99,5,1.0
-97,5,1.0
-95,6,1.0
-101,6,1.0
-96,5,1.0
-100,5,1.0
-98,4,1.0
-102,8,1.0
-101,5,1.0
-99,4,1.0
-102,7,1.0
-100,4,1.0
-102,6,1.0
-102,5,1.0
-97,4,1.0
-101,4,1.0
-99,3,1.0
-103,7,1.0
-102,4,1.0
-100,3,1.0
-103,6,1.0
-101,3,1.0
-103,5,1.0
-103,4,1.0
-98,3,1.0
-102,3,1.0
-103,8,1.0
-100,2,1.0
-104,6,1.0
-101,2,1.0
-99,2,1.0
-97,3,1.0
-103,3,1.0
-98,2,1.0
-102,2,1.0
-100,1,1.0
-104,5,1.0
-97,2,1.0
-99,1,1.0
-96,4,1.0
-96,3,1.0
-98,1,1.0
-96,2,1.0
-97,1,1.0
-101,1,1.0
-99,0,1.0
-95,4,1.0
-102,1,1.0
-100,0,1.0
-101,0,1.0
-103,2,1.0
-103,1,1.0
-98,0,1.0
-102,0,1.0
-100,-1,1.0
-104,3,1.0
-104,4,1.0
-104,2,1.0
-104,1,1.0
-103,0,1.0
-101,-1,1.0
-105,3,1.0
-102,-1,1.0
-104,0,1.0
-99,-1,1.0
-103,-1,1.0
-101,-2,1.0
-105,2,1.0
-104,-1,1.0
-102,-2,1.0
-105,1,1.0
-103,-2,1.0
-105,0,1.0
-105,-1,1.0
-100,-2,1.0
-104,-2,1.0
-102,-3,1.0
-106,1,1.0
-98,-1,1.0
-99,-2,1.0
-101,-3,1.0
-97,0,1.0
-97,-1,1.0
-98,-2,1.0
-100,-3,1.0
-96,1,1.0
-103,-3,1.0
-104,-3,1.0
-102,-4,1.0
-103,-4,1.0
-101,-4,1.0
-105,-2,1.0
-99,-3,1.0
-105,-3,1.0
-100,-4,1.0
-104,-4,1.0
-102,-5,1.0
-106,-1,1.0
-98,-3,1.0
-99,-4,1.0
-101,-5,1.0
-103,-5,1.0
-105,-4,1.0
-100,-5,1.0
-104,-5,1.0
-102,-6,1.0
-106,-2,1.0
-103,-6,1.0
-101,-6,1.0
-99,-5,1.0
-105,-5,1.0
-100,-6,1.0
-104,-6,1.0
-102,-7,1.0
-106,-3,1.0
-103,-7,1.0
-101,-7,1.0
-99,-6,1.0
-105,-6,1.0
-100,-7,1.0
-104,-7,1.0
-102,-8,1.0
-106,-4,1.0
-98,-4,1.0
-103,-8,1.0
-101,-8,1.0
-99,-7,1.0
-105,-7,1.0
-100,-8,1.0
-104,-8,1.0
-102,-9,1.0
-106,-5,1.0
-98,-5,1.0
-105,-8,1.0
-103,-9,1.0
-106,-6,1.0
-104,-9,1.0
-106,-7,1.0
-106,-8,1.0
-101,-9,1.0
-105,-9,1.0
-103,-10,1.0
-107,-6,1.0
-99,-8,1.0
-100,-9,1.0
-102,-10,1.0
-98,-6,1.0
-101,-10,1.0
-99,-9,1.0
-100,-10,1.0
-104,-10,1.0
-102,-11,1.0
-98,-7,1.0
-103,-11,1.0
-101,-11,1.0
-99,-10,1.0
-105,-10,1.0
-100,-11,1.0
-104,-11,1.0
-102,-12,1.0
-98,-8,1.0
-103,-12,1.0
-101,-12,1.0
-99,-11,1.0
-105,-11,1.0
-100,-12,1.0
-104,-12,1.0
-102,-13,1.0
-106,-9,1.0
-98,-9,1.0
-103,-13,1.0
-101,-13,1.0
-99,-12,1.0
-105,-12,1.0
-100,-13,1.0
-104,-13,1.0
-102,-14,1.0
-106,-10,1.0
-98,-10,1.0
-105,-13,1.0
-103,-14,1.0
-106,-11,1.0
-104,-14,1.0
-106,-12,1.0
-106,-13,1.0
-101,-14,1.0
-105,-14,1.0
-103,-15,1.0
-107,-11,1.0
-100,-14,1.0
-102,-15,1.0
-99,-13,1.0
-101,-15,1.0
-99,-14,1.0
-100,-15,1.0
-104,-15,1.0
-102,-16,1.0
-98,-12,1.0
-64,8,1.0
-64,7,1.0
-63,8,1.0
-65,8,1.0
-64,9,1.0
-63,9,1.0
-63,7,1.0
-65,9,1.0
-65,7,1.0
-64,6,1.0
-62,8,1.0
-66,8,1.0
-64,10,1.0
-62,7,1.0
-65,10,1.0
-65,6,1.0
-66,9,1.0
-66,7,1.0
-63,6,1.0
-63,10,1.0
-62,9,1.0
-62,6,1.0
-62,10,1.0
-66,10,1.0
-66,6,1.0
-64,5,1.0
-64,11,1.0
-61,8,1.0
-67,8,1.0
-65,11,1.0
-65,5,1.0
-61,7,1.0
-63,5,1.0
-61,9,1.0
-67,9,1.0
-63,11,1.0
-67,7,1.0
-61,6,1.0
-62,11,1.0
-67,6,1.0
-61,10,1.0
-62,5,1.0
-66,11,1.0
-66,5,1.0
-67,10,1.0
-64,12,1.0
-64,4,1.0
-68,8,1.0
-60,8,1.0
-67,5,1.0
-65,4,1.0
-68,7,1.0
-66,4,1.0
-68,6,1.0
-68,5,1.0
-63,4,1.0
-67,4,1.0
-68,9,1.0
-65,3,1.0
-69,7,1.0
-61,5,1.0
-62,4,1.0
-64,3,1.0
-60,7,1.0
-60,6,1.0
-60,5,1.0
-60,9,1.0
-61,4,1.0
-63,3,1.0
-59,7,1.0
-62,3,1.0
-60,4,1.0
-61,3,1.0
-63,2,1.0
-59,6,1.0
-59,5,1.0
-59,4,1.0
-59,8,1.0
-60,3,1.0
-62,2,1.0
-58,6,1.0
-61,2,1.0
-59,3,1.0
-60,2,1.0
-64,2,1.0
-62,1,1.0
-58,5,1.0
-63,1,1.0
-61,1,1.0
-59,2,1.0
-65,2,1.0
-60,1,1.0
-64,1,1.0
-62,0,1.0
-58,4,1.0
-58,3,1.0
-58,2,1.0
-59,1,1.0
-61,0,1.0
-57,4,1.0
-63,0,1.0
-65,1,1.0
-60,0,1.0
-64,0,1.0
-62,-1,1.0
-66,3,1.0
-58,1,1.0
-59,0,1.0
-61,-1,1.0
-57,3,1.0
-60,-1,1.0
-58,0,1.0
-59,-1,1.0
-63,-1,1.0
-61,-2,1.0
-57,2,1.0
-57,1,1.0
-57,0,1.0
-58,-1,1.0
-60,-2,1.0
-56,2,1.0
-59,-2,1.0
-57,-1,1.0
-58,-2,1.0
-62,-2,1.0
-60,-3,1.0
-56,1,1.0
-56,0,1.0
-56,-1,1.0
-56,3,1.0
-57,-2,1.0
-59,-3,1.0
-55,1,1.0
-61,-3,1.0
-62,-3,1.0
-63,-2,1.0
-63,-3,1.0
-61,-4,1.0
-64,-1,1.0
-62,-4,1.0
-60,-4,1.0
-64,-2,1.0
-58,-3,1.0
-64,-3,1.0
-59,-4,1.0
-63,-4,1.0
-61,-5,1.0
-65,-1,1.0
-62,-5,1.0
-60,-5,1.0
-58,-4,1.0
-64,-4,1.0
-59,-5,1.0
-63,-5,1.0
-61,-6,1.0
-65,-2,1.0
-55,2,1.0
-55,0,1.0
-54,1,1.0
-54,0,1.0
-55,-1,1.0
-55,3,1.0
-54,2,1.0
-54,-1,1.0
-54,3,1.0
-56,-2,1.0
-56,4,1.0
-53,1,1.0
-53,0,1.0
-55,-2,1.0
-53,2,1.0
-55,4,1.0
-53,-1,1.0
-54,4,1.0
-53,3,1.0
-54,-2,1.0
-56,5,1.0
-56,-3,1.0
-52,1,1.0
-53,4,1.0
-55,5,1.0
-52,2,1.0
-52,3,1.0
-54,5,1.0
-52,0,1.0
-53,5,1.0
-52,4,1.0
-57,5,1.0
-55,6,1.0
-51,2,1.0
-51,5,1.0
-51,4,1.0
-50,5,1.0
-52,5,1.0
-51,6,1.0
-50,6,1.0
-50,4,1.0
-52,6,1.0
-51,3,1.0
-49,5,1.0
-51,7,1.0
-49,4,1.0
-52,7,1.0
-53,6,1.0
-50,3,1.0
-50,7,1.0
-49,6,1.0
-49,3,1.0
-49,7,1.0
-53,7,1.0
-51,8,1.0
-48,5,1.0
-52,8,1.0
-48,4,1.0
-50,2,1.0
-48,6,1.0
-54,6,1.0
-50,8,1.0
-48,3,1.0
-49,8,1.0
-48,7,1.0
-49,2,1.0
-53,8,1.0
-54,7,1.0
-51,9,1.0
-51,1,1.0
-47,5,1.0
-47,4,1.0
-47,6,1.0
-47,3,1.0
-48,8,1.0
-47,7,1.0
-48,2,1.0
-50,9,1.0
-50,1,1.0
-46,5,1.0
-46,6,1.0
-47,8,1.0
-46,7,1.0
-46,4,1.0
-46,8,1.0
-48,9,1.0
-45,6,1.0
-49,9,1.0
-45,5,1.0
-45,7,1.0
-47,9,1.0
-45,4,1.0
-46,9,1.0
-45,8,1.0
-46,3,1.0
-48,10,1.0
-44,6,1.0
-44,7,1.0
-45,9,1.0
-44,8,1.0
-44,5,1.0
-44,9,1.0
-46,10,1.0
-43,7,1.0
-47,10,1.0
-43,6,1.0
-43,8,1.0
-45,10,1.0
-43,5,1.0
-44,10,1.0
-43,9,1.0
-44,4,1.0
-46,11,1.0
-42,7,1.0
-42,9,1.0
-43,10,1.0
-42,10,1.0
-42,8,1.0
-41,9,1.0
-43,11,1.0
-41,8,1.0
-44,11,1.0
-42,11,1.0
-41,10,1.0
-41,7,1.0
-41,11,1.0
-45,11,1.0
-43,12,1.0
-40,9,1.0
-44,12,1.0
-40,8,1.0
-42,6,1.0
-40,10,1.0
-42,12,1.0
-40,7,1.0
-41,12,1.0
-40,11,1.0
-41,6,1.0
-45,12,1.0
-43,13,1.0
-39,9,1.0
-39,10,1.0
-40,12,1.0
-39,11,1.0
-39,8,1.0
-39,12,1.0
-41,13,1.0
-38,10,1.0
-42,13,1.0
-38,9,1.0
-38,11,1.0
-40,13,1.0
-38,8,1.0
-39,13,1.0
-38,12,1.0
-39,7,1.0
-41,14,1.0
-37,10,1.0
-37,9,1.0
-37,11,1.0
-37,8,1.0
-38,13,1.0
-37,12,1.0
-38,7,1.0
-40,14,1.0
-40,6,1.0
-36,10,1.0
-37,13,1.0
-39,14,1.0
-36,11,1.0
-36,12,1.0
-38,14,1.0
-36,9,1.0
-37,14,1.0
-36,13,1.0
-39,15,1.0
-35,11,1.0
-36,14,1.0
-38,15,1.0
-35,12,1.0
-35,13,1.0
-37,15,1.0
-35,10,1.0
-36,15,1.0
-35,14,1.0
-40,15,1.0
-38,16,1.0
-34,12,1.0
-34,11,1.0
-34,13,1.0
-34,10,1.0
-35,15,1.0
-34,14,1.0
-35,9,1.0
-37,16,1.0
-33,12,1.0
-34,15,1.0
-36,16,1.0
-33,13,1.0
-33,14,1.0
-35,16,1.0
-33,11,1.0
-34,16,1.0
-33,15,1.0
-36,17,1.0
-32,13,1.0
-32,12,1.0
-32,14,1.0
-32,11,1.0
-33,16,1.0
-32,15,1.0
-33,10,1.0
-35,17,1.0
-31,13,1.0
-32,16,1.0
-31,15,1.0
-33,17,1.0
-31,14,1.0
-34,17,1.0
-32,17,1.0
-31,16,1.0
-31,17,1.0
-33,18,1.0
-30,15,1.0
-34,18,1.0
-30,14,1.0
-30,16,1.0
-32,18,1.0
-30,13,1.0
-31,18,1.0
-30,17,1.0
-31,12,1.0
-35,18,1.0
-33,19,1.0
-29,15,1.0
-29,14,1.0
-29,16,1.0
-29,13,1.0
-30,18,1.0
-29,17,1.0
-30,12,1.0
-32,19,1.0
-28,15,1.0
-28,14,1.0
-28,16,1.0
-28,13,1.0
-29,18,1.0
-28,17,1.0
-29,12,1.0
-31,19,1.0
-31,11,1.0
-27,15,1.0
-27,16,1.0
-28,18,1.0
-27,17,1.0
-27,14,1.0
-27,18,1.0
-29,19,1.0
-26,16,1.0
-30,19,1.0
-26,15,1.0
-26,17,1.0
-28,19,1.0
-26,14,1.0
-27,19,1.0
-26,18,1.0
-27,13,1.0
-29,20,1.0
-25,16,1.0
-30,20,1.0
-28,20,1.0
-27,20,1.0
-26,19,1.0
-31,20,1.0
-29,21,1.0
-25,17,1.0
-25,18,1.0
-25,15,1.0
-26,20,1.0
-25,19,1.0
-28,21,1.0
-24,17,1.0
-25,20,1.0
-27,21,1.0
-24,18,1.0
-24,19,1.0
-26,21,1.0
-24,16,1.0
-25,21,1.0
-24,20,1.0
-27,22,1.0
-23,18,1.0
-23,17,1.0
-23,19,1.0
-23,16,1.0
-24,21,1.0
-23,20,1.0
-24,15,1.0
-26,22,1.0
-22,18,1.0
-22,17,1.0
-22,19,1.0
-22,16,1.0
-23,21,1.0
-22,20,1.0
-23,15,1.0
-25,22,1.0
-25,14,1.0
-21,18,1.0
-22,21,1.0
-24,22,1.0
-21,19,1.0
-21,20,1.0
-23,22,1.0
-21,17,1.0
-22,22,1.0
-21,21,1.0
-24,23,1.0
-20,19,1.0
-21,16,1.0
-22,15,1.0
-24,14,1.0
-20,18,1.0
-20,20,1.0
-20,17,1.0
-21,22,1.0
-20,21,1.0
-23,23,1.0
-19,19,1.0
-19,18,1.0
-19,20,1.0
-19,17,1.0
-20,22,1.0
-19,21,1.0
-20,16,1.0
-22,23,1.0
-18,19,1.0
-19,22,1.0
-21,23,1.0
-18,20,1.0
-18,21,1.0
-20,23,1.0
-18,18,1.0
-19,23,1.0
-18,22,1.0
-21,24,1.0
-17,20,1.0
-17,19,1.0
-17,21,1.0
-17,18,1.0
-18,23,1.0
-17,22,1.0
-18,17,1.0
-20,24,1.0
-16,20,1.0
-19,24,1.0
-18,24,1.0
-17,23,1.0
-22,24,1.0
-20,25,1.0
-16,21,1.0
-16,22,1.0
-16,19,1.0
-17,24,1.0
-16,23,1.0
-19,25,1.0
-15,21,1.0
-16,24,1.0
-18,25,1.0
-15,22,1.0
-15,23,1.0
-17,25,1.0
-15,20,1.0
-16,25,1.0
-15,24,1.0
-18,26,1.0
-14,22,1.0
-15,19,1.0
-16,18,1.0
-14,21,1.0
-14,23,1.0
-14,20,1.0
-15,25,1.0
-14,24,1.0
-17,26,1.0
-13,22,1.0
-13,21,1.0
-13,23,1.0
-13,20,1.0
-14,25,1.0
-13,24,1.0
-14,19,1.0
-16,26,1.0
-12,22,1.0
-13,25,1.0
-15,26,1.0
-12,23,1.0
-12,24,1.0
-14,26,1.0
-12,21,1.0
-13,26,1.0
-12,25,1.0
-15,27,1.0
-11,23,1.0
-12,20,1.0
-13,19,1.0
-15,18,1.0
-11,22,1.0
-11,24,1.0
-11,21,1.0
-12,26,1.0
-11,25,1.0
-14,27,1.0
-10,23,1.0
-13,27,1.0
-12,27,1.0
-11,26,1.0
-16,27,1.0
-14,28,1.0
-10,24,1.0
-10,25,1.0
-10,22,1.0
-11,27,1.0
-10,26,1.0
-13,28,1.0
-9,24,1.0
-10,21,1.0
-11,20,1.0
-9,23,1.0
-9,25,1.0
-9,22,1.0
-10,27,1.0
-9,26,1.0
-12,28,1.0
-8,24,1.0
-9,21,1.0
-10,20,1.0
-12,19,1.0
-8,23,1.0
-9,27,1.0
-11,28,1.0
-8,25,1.0
-8,26,1.0
-10,28,1.0
-9,28,1.0
-8,27,1.0
-11,29,1.0
-7,25,1.0
-8,22,1.0
-7,24,1.0
-8,28,1.0
-10,29,1.0
-7,26,1.0
-7,27,1.0
-9,29,1.0
-8,29,1.0
-7,28,1.0
-12,29,1.0
-10,30,1.0
-6,26,1.0
-7,23,1.0
-6,25,1.0
-6,24,1.0
-6,23,1.0
-6,27,1.0
-7,22,1.0
-5,25,1.0
-7,29,1.0
-6,28,1.0
-9,30,1.0
-5,26,1.0
-5,27,1.0
-5,24,1.0
-6,29,1.0
-5,28,1.0
-8,30,1.0
-4,26,1.0
-5,23,1.0
-6,22,1.0
-8,21,1.0
-4,25,1.0
-7,30,1.0
-6,30,1.0
-5,29,1.0
-8,31,1.0
-4,27,1.0
-4,28,1.0
-5,30,1.0
-4,29,1.0
-7,31,1.0
-3,27,1.0
-6,31,1.0
-5,31,1.0
-4,30,1.0
-9,31,1.0
-7,32,1.0
-3,28,1.0
-4,24,1.0
-3,26,1.0
-3,25,1.0
-3,29,1.0
-2,27,1.0
-3,24,1.0
-4,23,1.0
-2,26,1.0
-3,30,1.0
-2,28,1.0
-2,29,1.0
-4,31,1.0
-3,31,1.0
-2,30,1.0
-5,32,1.0
-1,28,1.0
-6,32,1.0
-4,32,1.0
-3,32,1.0
-2,31,1.0
-5,33,1.0
-1,29,1.0
-1,27,1.0
-1,26,1.0
-1,30,1.0
-2,25,1.0
0,28,1.0
0,27,1.0
0,29,1.0
0,26,1.0
-1,31,1.0
0,30,1.0
-1,25,1.0
1,28,1.0
-2,32,1.0
-1,32,1.0
0,31,1.0
-3,33,1.0
1,29,1.0
-4,33,1.0
-2,33,1.0
-1,33,1.0
0,32,1.0
-3,34,1.0
1,30,1.0
1,27,1.0
1,26,1.0
0,25,1.0
-2,24,1.0
2,28,1.0
1,31,1.0
2,29,1.0
2,27,1.0
2,26,1.0
2,30,1.0
1,25,1.0
-1,24,1.0
3,28,1.0
1,32,1.0
2,31,1.0
3,29,1.0
0,33,1.0
1,33,1.0
2,32,1.0
-1,34,1.0
3,30,1.0
3,31,1.0
2,33,1.0
3,32,1.0
0,34,1.0
4,30,1.0
-2,34,1.0
1,34,1.0
-1,35,1.0
3,27,1.0
4,29,1.0
4,28,1.0
4,27,1.0
4,31,1.0
3,26,1.0
5,29,1.0
3,33,1.0
4,32,1.0
5,30,1.0
2,34,1.0
3,34,1.0
4,33,1.0
1,35,1.0
5,31,1.0
5,32,1.0
4,34,1.0
5,33,1.0
2,35,1.0
6,31,1.0
5,28,1.0
6,30,1.0
6,29,1.0
6,28,1.0
6,32,1.0
5,27,1.0
7,30,1.0
5,34,1.0
6,33,1.0
3,35,1.0
7,31,1.0
4,35,1.0
5,35,1.0
6,34,1.0
3,36,1.0
7,32,1.0
